raw descriptor;occurences;level_3;level_2;level_1
abras;190;abrasive;high_tannin;tannin
acacia;130;acacia;flowery;flower
acacia_flower;77;acacia;flowery;flower
acacia_honey;68;honey;honey;caramel
accid_benedictin;930;acid;high_acid;acid
acid;37090;acid;high_acid;acid
acid_german;172;acid;high_acid;acid
ad_depth;53;depth;high_complexity;complexity
add_complex;406;complex;high_complexity;complexity
add_depth;237;depth;high_complexity;complexity
age;9332;wood_age;resinous;woody
age_lee;56;wood_age;resinous;woody
age_minimum;74;wood_age;resinous;woody
age_month;379;wood_age;resinous;woody
age_potenti;556;wood_age;resinous;woody
age_process;69;wood_age;resinous;woody
age_techniqu;62;wood_age;resinous;woody
age_worthi;174;wood_age;resinous;woody
ageworthi;268;wood_age;resinous;woody
aggress;592;aggressive;high_acid;acid
air;962;fresh;high_acid;acid
air_freshen;48;fresh;high_acid;acid
airi;91;airy;light_bodied;body
alcohol;1747;high_alcohol;high_alcohol;alcohol
alcohol_ferment;931;hot;high_alcohol;alcohol
alcohol_heat;80;hot;high_alcohol;alcohol
alcohol_level;103;hot;high_alcohol;alcohol
alcohol_minimum;62;low_alcohol;low_alcohol;alcohol
alcohol_warmth;46;warm;high_alcohol;alcohol
allow_age;150;wood_age;resinous;woody
allow_room;45;wood_age;resinous;woody
allspic;287;allspice;baking_spices;spice
almond;1106;almond;nutty;nutty
almond_past;65;almond;nutty;nutty
almost_syrupi;68;syrupy;caramel;caramel
alongsid_backbon;96;full_bodied;full_bodied;body
alongsid_polish;303;polished;low_tannin;tannin
alongsid_velveti;220;velvety;low_tannin;tannin
alpin_herb;142;alpine_herbs;fresh_herbs;vegetal
alpin_strawberri;47;strawberry;red_fruit;fruit
amaron;185;amarone;high_alcohol;alcohol
amaron_age;62;amarone;high_alcohol;alcohol
amaron_character;62;amarone;high_alcohol;alcohol
amaron_della;62;amarone;high_alcohol;alcohol
american;139;american_oak;resinous;woody
american_oak;248;american_oak;resinous;woody
ampl_weight;118;full_bodied;full_bodied;body
angular;306;angular;high_tannin;tannin
anis;1720;anise;baking_spices;spice
anise;51;anise;baking_spices;spice
anisett;104;anise;baking_spices;spice
anjou_pear;135;pear;tree_fruit;fruit
aperitif;45;fortified;high_alcohol;alcohol
appl;8754;apple;tree_fruit;fruit
appl_blossom;267;apple_blossom;flowery;flower
appl_cider;124;apple;tree_fruit;fruit
appl_pear;1418;tree_fruit;tree_fruit;fruit
appl_pie;161;apple_pie;biscuit;caramel
applesauc;63;apple_sauce;tree_fruit;fruit
appley;55;apple;tree_fruit;fruit
appli;119;apple;tree_fruit;fruit
apricot;2487;apricot;stone_fruit;fruit
apricot_peach;182;stone_fruit;stone_fruit;fruit
ash;155;ash;toasted;woody
asian_pear;280;pear;tree_fruit;fruit
asian_spice;236;asian_spice;baking_spices;spice
asparagus;207;asparagus;vegetable;vegetal
asphalt;415;asphalt;petroleum;earth_inorganic
assert;704;assertive;high_acid;acid
assert_close;49;closed;high_complexity;complexity
astring;1708;astringent;high_tannin;tannin
atlas_peak;44;peak;#N/A;#N/A
auster;925;austere;high_tannin;tannin
backbon;729;full_bodied;full_bodied;body
bacon;610;bacon;bacon;brettanomyces
bacon_fat;187;bacon;bacon;brettanomyces
bake;3485;baked;high_alcohol;alcohol
bake_appl;716;baked_apple;tree_fruit;fruit
bake_bread;145;baked_bread;yeasty;microbial
bake_spice;3474;baking_spices;baking_spices;spice
balanc;15846;elegant;light_bodied;body
balsam;560;balsamic;volatile_acidity;acid
balsam_note;673;balsamic;volatile_acidity;acid
balsam_vinegar;69;balsamic;volatile_acidity;acid
balsam_wood;89;wood;resinous;woody
banana;964;banana;tropical_fruit;fruit
barbecu;180;barbecue;meat;sulfides
bark;165;bark;resinous;woody
barnyard;377;barnyard;barnyard;brettanomyces
barrel;4229;oak;resinous;woody
barrel_ferment;638;oak;resinous;woody
barrel_influenc;186;oak;resinous;woody
barrel_select;141;oak;resinous;woody
barriqu;56;oak;resinous;woody
barroca;52;oak;resinous;woody
bartlett_pear;175;pear;tree_fruit;fruit
basil;58;basil;fresh_herbs;vegetal
basilicata_sicili;51;basil;fresh_herbs;vegetal
bay_leaf;389;bay_leaf;fresh_herbs;vegetal
becom_golden;45;gold;color;visual
beef;270;beef;meat;sulfides
beef_char;80;beef;meat;sulfides
beef_jerki;79;beef_jerky;meat;sulfides
beefi;228;beefy;high_tannin;tannin
beeswax;253;beeswax;honey;caramel
beet;208;beet;vegetable;vegetal
beet_juic;46;beet;vegetable;vegetal
beet_root;49;beetroot;vegetable;vegetal
beetroot;54;beetroot;vegetable;vegetal
bell_pepper;831;bell_pepper;vegetable;vegetal
benedict_pork;46;pork;meat;sulfides
bergamot;119;bergamot;citrus_fruit;fruit
berri;22350;berry;red_fruit;fruit
big_bold;310;bold;full_bodied;body
big_brawni;48;brawny;high_tannin;tannin
bigger;145;high_alcohol;high_alcohol;alcohol
bing_cherri;226;cherry;red_fruit;fruit
biscuit;59;cookie;biscuit;caramel
bit_flat;88;flat;low_acid;acid
bit_pale;212;bitter;high_tannin;tannin
bite;695;bite;high_acid;acid
bitter;2442;bitter;high_tannin;tannin
bitter_almond;426;bitter_almond;nutty;nutty
bitter_chocol;395;chocolate;chocolate;caramel
bittersweet;93;bittersweet;high_tannin;tannin
bittersweet_chocol;189;chocolate;chocolate;caramel
black;26076;black;dark_fruit;fruit
black_currant;3404;black_currant;dark_fruit;fruit
black_oliv;1017;olive;vegetable;vegetal
black_pepper;3047;black_pepper;pepper;spice
black_tea;1014;black_tea;dried_herbs;vegetal
blackberri;12578;blackberry;dark_fruit;fruit
blackberri_jam;643;blackberry_jam;dark_fruit;fruit
blackcurr;105;blackcurrant;dark_fruit;fruit
blacken;220;black;dark_fruit;fruit
blanc_picpoul;42;poultry;meat;sulfides
bland;312;bland;low_concentration;concentration
block_plant;45;plant;fresh_herbs;vegetal
blocki;298;chunky;full_bodied;body
blood_orang;146;blood_orange;citrus_fruit;fruit
blossom;1122;blossom;flowery;flower
blossomi;63;blossom;flowery;flower
blue;868;blue;color;visual
blue_flower;969;blue_flower;flowery;flower
blueberri;3269;berry;dark_fruit;fruit
blueberri_boysenberri;69;berry;dark_fruit;fruit
blueberri_jam;64;berry;dark_fruit;fruit
blueberri_pie;100;blueberry_pie;dark_fruit;fruit
bold;2858;bold;full_bodied;body
bolder;44;bold;full_bodied;body
bone_dri;316;bone_dry;dry;sweetness
bordeaux_grape;144;grapey;red_fruit;fruit
bosc_pear;121;pear;tree_fruit;fruit
botryti;280;botrytis;honey;caramel
bouquet;2394;flower;flowery;flower
bourbon;41;oak;resinous;woody
bourbon_barrel;82;oak;resinous;woody
box_spice;141;cake_spice;baking_spices;spice
boysenberri;1390;boysenberry;red_fruit;fruit
brambl;1535;bramble;dark_fruit;fruit
brandi_cherri;75;cherry;red_fruit;fruit
brawn;41;brawny;high_tannin;tannin
brawni;462;brawny;high_tannin;tannin
bread;76;bread;yeasty;microbial
bread_crust;115;bread_crust;yeasty;microbial
briar;52;briary;soil;earth_organic
briari;279;briary;soil;earth_organic
brick;138;brick;color;visual
bright;10462;bright;high_acid;acid
brighten;498;bright;high_acid;acid
brighter;138;bright;high_acid;acid
brilliant;156;brilliant;color_intensity;visual
brine;135;brine;salinity;salinity
brini;550;brine;salinity;salinity
brioch;225;brioche;yeasty;microbial
brisk;1466;brisk;high_acid;acid
brood;718;bread;yeasty;microbial
brood_excit;82;bread;yeasty;microbial
brown;168;brown;color;visual
brown_butter;73;brown_butter;caramel;caramel
brown_spice;186;brown_spice;baking_spices;spice
brown_sugar;677;brown_sugar;caramel;caramel
bruis_appl;62;apple;tree_fruit;fruit
bubbl;215;sparkling;sparkling;style
bubbl_gum;86;bubble_gum;tropical_fruit;fruit
bubblegum;115;bubblegum;tropical_fruit;fruit
built_age;90;wood_age;resinous;woody
bulki;226;bulky;high_tannin;tannin
bullish;84;bullish;full_bodied;body
buoy;259;buoyant;high_acid;acid
buoyant;235;buoyant;high_acid;acid
burn;263;burnt;toasted;woody
burnt;780;burnt;toasted;woody
burnt_coffe;62;coffee;toasted;woody
burnt_rubber;63;rubber;rubber;earth_inorganic
burnt_sugar;45;brown_sugar;caramel;caramel
burnt_toast;162;burnt_toast;toasted;woody
butter;1153;butter;lactic;microbial
butter_nut;68;butter_nut;nutty;nutty
butter_popcorn;115;butter_popcorn;caramel;caramel
butter_toast;256;buttery_toast;toasted;woody
buttercream;65;buttercream;caramel;caramel
buttercup;41;butter;lactic;microbial
butteri;1207;butter;lactic;microbial
butteri_consist;44;butter;lactic;microbial
butteri_profil;47;butter;lactic;microbial
butternut;47;butter_nut;nutty;nutty
butterscotch;673;butterscotch;caramel;caramel
cake;265;cake;biscuit;caramel
cake_spice;323;cake_spice;baking_spices;spice
california_rose;211;rose;flowery;flower
campania_basilicata;59;basil;fresh_herbs;vegetal
campfir;193;campfire;toasted;woody
camphor;203;camphor;oil;earth_inorganic
candi;3312;candy;tropical_fruit;fruit
candl_wax;62;candle_wax;oil;earth_inorganic
cantaloup;228;cataloupe;melon;fruit
caramel;2447;caramel;caramel;caramel
caramel_sugar;60;caramel;caramel;caramel
caramel_toffe;46;caramel;caramel;caramel
cardamom;567;cardamom;baking_spices;spice
carob;325;carob;chocolate;caramel
cashew;80;cashew;nutty;nutty
cassi;5746;cassis;dark_fruit;fruit
cedar;3329;cedar;resinous;woody
cedar_characterist;97;cedar;resinous;woody
cedar_cigar;166;cigar;toasted;woody
cedar_pencil;79;pencil_lead;graphite;earth_inorganic
cedari;203;cedar;resinous;woody
cedari_oak;64;oak;resinous;woody
celeri;203;celery;vegetable;vegetal
cement;89;cement;rocks;earth_inorganic
chalk;457;chalk;rocks;earth_inorganic
chalk_clay;59;chalk;rocks;earth_inorganic
chalk_soil;87;chalk;rocks;earth_inorganic
chalki;1481;chalk;rocks;earth_inorganic
chalki_soil;41;chalk;rocks;earth_inorganic
challeng;219;chalk;rocks;earth_inorganic
challeng_vintag;52;chalk;rocks;earth_inorganic
challeng_would;44;chalk;rocks;earth_inorganic
chamomil;202;chamomile;flowery;flower
champagn_prosecco;176;rose;flowery;flower
char_beef;95;roasted_meat;meat;sulfides
char_meat;87;grilled_meat;meat;sulfides
char_wood;164;charred_wood;toasted;woody
characterist_flint;109;flint;rocks;earth_inorganic
charcoal;231;charcoal;graphite;earth_inorganic
charcuteri;80;cured_meat;meat;sulfides
chard;352;chard;fresh_herbs;vegetal
chard_slight;47;chard;fresh_herbs;vegetal
chees;553;cheese;lactic;microbial
chees_cure;111;cheese;lactic;microbial
cheesi;157;cheese;lactic;microbial
cheesi_oak;52;cheese;lactic;microbial
chemic;145;chemical;petroleum;earth_inorganic
cherri;33509;cherry;red_fruit;fruit
cherri_cough;91;cherry;red_fruit;fruit
cherri_marin;127;cherry;red_fruit;fruit
chewi;2277;chewi;medium_tannin;tannin
chicken;96;chicken;meat;sulfides
chill;292;fresh;high_acid;acid
chip_slate;44;slate;rocks;earth_inorganic
chock_full;94;chocolate;chocolate;caramel
chocol;6238;chocolate;chocolate;caramel
chocol_cake;70;chocolate;chocolate;caramel
chocol_cover;165;chocolate;chocolate;caramel
chocolatey;96;chocolate;chocolate;caramel
chocolati;1219;chocolate;chocolate;caramel
chop_herb;391;herbs;fresh_herbs;vegetal
chop_mint;174;mint;fresh_herbs;vegetal
choppi;526;choppy;high_tannin;tannin
christma_spice;60;cake_spice;baking_spices;spice
chunki;1651;chunky;full_bodied;body
cider;74;cider;tree_fruit;fruit
cideri;53;cider;tree_fruit;fruit
cigar;173;cigar;toasted;woody
cigar_box;378;cigar;toasted;woody
cinnamon;3523;cinnamon;baking_spices;spice
cinnamon_clove;328;cinnamon;baking_spices;spice
cinnamon_nutmeg;82;baking_spices;baking_spices;spice
cinnamon_stick;65;cinnamon;baking_spices;spice
citric;578;citrus;citrus_fruit;fruit
citrus;10144;citrus;citrus_fruit;fruit
citrus_oil;48;citrus;citrus_fruit;fruit
citrus_peel;367;citrus_peel;citrus_fruit;fruit
citrus_pith;163;citrus_pith;citrus_fruit;fruit
citrus_rind;308;citrus_peel;citrus_fruit;fruit
citrus_vinegar;98;vinegar;volatile_acidity;acid
citrus_zest;412;citrus_peel;citrus_fruit;fruit
citrusi;1436;citrus;citrus_fruit;fruit
clampi;119;clampy;full_bodied;body
classi;296;classy;low_tannin;tannin
clay;181;clay;rocks;earth_inorganic
clay_fossil;109;clay;rocks;earth_inorganic
clay_gravel;75;gravel;rocks;earth_inorganic
clean;5528;clean;high_acid;acid
cleaner;44;clean;high_acid;acid
cleans;214;clean;high_acid;acid
clementin;52;orange;citrus_fruit;fruit
climat_soil;66;soil;soil;earth_organic
cloak;91;oak;resinous;woody
close;2257;closed;high_complexity;complexity
close_grain;518;grain;resinous;woody
closer;46;closed;high_complexity;complexity
closer_champagn;109;closed;high_complexity;complexity
cloud;81;yeast;yeast;microbial
cloudi;42;yeast;yeast;microbial
clove;4922;clove;baking_spices;spice
clove_nutmeg;79;nutmeg;baking_spices;spice
clover;65;clove;baking_spices;spice
cloy;287;cloying;very_sweet;sweetness
coars;85;coarse;high_tannin;tannin
coast_chard;47;chard;fresh_herbs;vegetal
cobbler;44;cookie;biscuit;caramel
cocoa;1385;cocoa;chocolate;caramel
cocoa_dust;46;cocoa;chocolate;caramel
cocoa_nib;50;cocoa;chocolate;caramel
cocoa_powder;198;cocoa;chocolate;caramel
coconut;1437;coconut;resinous;woody
coffe;4544;coffee;toasted;woody
coffe_bean;220;coffee;toasted;woody
coffe_grind;68;coffee;toasted;woody
coffe_ground;278;coffee;toasted;woody
coffe_liqueur;59;coffee;toasted;woody
cola;2743;cola;baking_spices;spice
cold;131;cool;#N/A;#N/A
combin_cooler;109;cool;high_acid;acid
compact;698;closed;high_tannin;tannin
complement;699;complex;high_complexity;complexity
complement_meal;211;complex;high_complexity;complexity
complement_medium;112;medium_bodied;medium_bodied;body
complementari;69;complex;high_complexity;complexity
complet;864;complex;high_complexity;complexity
complex;7684;complex;high_complexity;complexity
complic;116;complicated;high_complexity;complexity
complic_headi;211;high_alcohol;high_alcohol;alcohol
compost;329;compost;soil;earth_organic
compot;229;compote;red_fruit;fruit
concentr;10555;concentrated;high_concentration;concentration
concret;72;concrete;rocks;earth_inorganic
condens;135;dense;high_concentration;concentration
confect;165;candy;tropical_fruit;fruit
confectionari_note;122;candy;tropical_fruit;fruit
confer_pear;66;pear;tree_fruit;fruit
cook;517;cooked;dried_fruit;fruit
cook_spice;426;cooked_spice;baking_spices;spice
cooki;81;cookie;biscuit;caramel
cool;993;cool;high_acid;acid
cool_climat;521;cool;high_acid;acid
cool_site;46;cool;high_acid;acid
cool_vintag;223;cool;high_acid;acid
cooler;127;cool;high_acid;acid
cooler_climat;51;cool;high_acid;acid
cooler_region;53;cool;high_acid;acid
cooler_vintag;87;cool;high_acid;acid
core_dryness;41;dry;dry;sweetness
corn;145;corn;vegetable;vegetal
cost_prosecco;176;rose;flowery;flower
cotton_candi;126;cotton_candy;red_fruit;fruit
could_age;195;wood_age;resinous;woody
crack;63;cracker;biscuit;caramel
crack_black;70;pepper;pepper;spice
crack_pepper;268;pepper;pepper;spice
crack_peppercorn;41;crack_pepper;pepper;spice
cracker;132;cracker;biscuit;caramel
cranberri;4192;cranberry;red_fruit;fruit
cranberri_pomegran;189;cranberry_pomegranate;red_fruit;fruit
cranberri_rhubarb;67;vegetal;vegetable;vegetal
cream;708;cream;lactic;microbial
creami;5406;cream;lactic;microbial
crisp;10744;crisp;high_acid;acid
crisper;110;crisp;high_acid;acid
crispli;206;crisp;high_acid;acid
crispli_defin;78;crisp;high_acid;acid
crunchi;371;crunchy;high_acid;acid
crush_chalk;47;chalk;rocks;earth_inorganic
crush_gravel;75;gravel;rocks;earth_inorganic
crush_raspberri;592;raspberry;red_fruit;fruit
crush_rock;241;rocky;rocks;earth_inorganic
crush_slate;165;slate;rocks;earth_inorganic
crush_stone;393;rocks;rocks;earth_inorganic
crush_velvet;65;velvety;low_tannin;tannin
crush_violet;139;violet;flowery;flower
crystallin;81;minerality;rocks;earth_inorganic
cucumb;142;cucumber;vegetable;vegetal
culinari_spice;67;cooked_spice;baking_spices;spice
cure_meat;591;cured_meat;meat;sulfides
currant;1583;currant;dark_fruit;fruit
curri;61;curry;baking_spices;spice
curri_shrimp;55;curry;baking_spices;spice
custard;141;custard;caramel;caramel
cut;2245;cured_meat;meat;sulfides
cut_grass;326;cut_grass;fresh_herbs;vegetal
dainti;129;dainty;light_bodied;body
damp_earth;87;wet_earth;soil;earth_organic
dappl;51;apple;tree_fruit;fruit
dark;12982;dark;color;visual
dark_brood;162;bread;yeasty;microbial
dark_chocol;1497;dark_chocolate;chocolate;caramel
darken;61;dark;color;visual
darker;375;dark;color;visual
deep;2730;depth;high_complexity;complexity
deep_color;179;deep_color;color_intensity;visual
deep_gold;70;gold;color;visual
deepli_concentr;132;concentrated;high_concentration;concentration
delic;3278;delicate;medium_bodied;body
delicaci;156;delicate;medium_bodied;body
delici;4534;delicate;medium_bodied;body
delici_drinkabl;180;delicate;medium_bodied;body
dens;6274;dense;high_concentration;concentration
denser;43;dense;high_concentration;concentration
densiti;936;dense;high_concentration;concentration
depth;2578;depth;high_complexity;complexity
dessert;380;dessert;sweet;sweetness
dessert_like;57;dessert;sweet;sweetness
diesel;68;diesel;petroleum;earth_inorganic
differ_soil;107;soil;soil;earth_organic
dill;618;dill;fresh_herbs;vegetal
dilut;420;diluted;low_concentration;concentration
divers_soil;45;soil;soil;earth_organic
dollar_prosecco;176;rose;flowery;flower
dr_pepper;134;dr_pepper;baking_spices;spice
dri;23149;dry;dry;sweetness
dri_sparkl;177;sparkling;sparkling;style
drier;87;dry;dry;sweetness
dryness;366;dry;dry;sweetness
duero_dark;82;dark;color;visual
dull;350;dull;low_concentration;concentration
dust;929;dust;soil;earth_organic
dust_cinnamon;65;cinnamon;baking_spices;spice
dust_cocoa;108;cocoa;chocolate;caramel
dusti;2686;dust;soil;earth_organic
earl_grey;87;tea;dried_herbs;vegetal
earli_summer;111;easy;low_complexity;complexity
earth;3870;earth;soil;earth_organic
earth_stem;42;earth;soil;earth_organic
earthen;45;earth;soil;earth_organic
earthi;7243;earth;soil;earth_organic
earthi_compost;43;earth;soil;earth_organic
earthi_funk;54;earth;soil;earth_organic
earthier;93;earthy;soil;earth_organic
eas;185;easy;low_complexity;complexity
easi;2094;easy;low_complexity;complexity
easi_drink;1739;easy;low_complexity;complexity
easi_drinker;54;easy;low_complexity;complexity
easi_quaff;53;easy;low_complexity;complexity
easi_see;53;easy;low_complexity;complexity
easili;400;easy;low_complexity;complexity
easygo;999;easy;low_complexity;complexity
edg;3382;edgy;high_acid;acid
edgi;570;edgy;high_acid;acid
effervesc;59;effervescent;sparkling;style
elderberri;431;elderberry;dark_fruit;fruit
elderflow;93;elderflower;flowery;flower
eleg;7145;elegant;light_bodied;body
eleg_courtesi;73;elegant;light_bodied;body
eleg_margaux;55;elegant;light_bodied;body
energ_miner;81;minerality;rocks;earth_inorganic
enjoy_salt;110;salt;salinity;salinity
enjoy_salti;176;salt;salinity;salinity
entir_stainless;65;steel;metal;earth_inorganic
espresso;2798;coffee;toasted;woody
espresso_bean;117;espresso;toasted;woody
eucalyptus;784;eucalyptus;leaves;vegetal
evid_alcohol;68;high_alcohol;high_alcohol;alcohol
exot_spice;792;asian_spice;baking_spices;spice
expans;423;expansive;high_complexity;complexity
exuber;535;exuberant;high_acid;acid
fall_bit;54;bitter;high_tannin;tannin
fat;511;fat;high_concentration;concentration
fatti;43;fat;high_concentration;concentration
favorit_dessert;176;dessert;sweet;sweetness
favorit_goat;54;cheese;lactic;microbial
feather_light;45;light_bodied;light_bodied;body
feminin;92;feminine;light_bodied;body
fennel;635;fennel;vegetable;vegetal
feral;135;feral;animal;brettanomyces
ferment;958;;#N/A;#N/A
ferment_age;170;wood_age;resinous;woody
ferment_stainless;171;steel;metal;earth_inorganic
fig;1272;fig;dried_fruit;fruit
fine;4452;finessed;high_complexity;complexity
fine_effort;93;finessed;high_complexity;complexity
fine_exampl;101;finessed;high_complexity;complexity
fine_grain;1904;grain;resinous;woody
fine_line;58;finessed;high_complexity;complexity
fine_tune;71;finessed;high_complexity;complexity
fine_valu;72;finessed;high_complexity;complexity
finess;613;finessed;high_complexity;complexity
finest;150;finessed;high_complexity;complexity
finest_tradit;92;finessed;high_complexity;complexity
finish;47792;full_bodied;full_bodied;body
firm;10864;firm;high_tannin;tannin
fish;129;fish;salinity;salinity
fish_nice;44;fish;salinity;salinity
fish_shellfish;57;fish;salinity;salinity
fish_taco;64;fish;salinity;salinity
fizz;81;fizz;sparkling;style
flabbi;282;flabby;low_acid;acid
flagship_white;53;white;color;visual
flamboy;51;flamboyent;fruity;fruit
flashi;112;flashy;high_acid;acid
flat;888;flat;low_acid;acid
fleet_tannin;177;fleeting_tannin;low_tannin;tannin
flesh;728;fleshy;high_tannin;tannin
fleshi;1665;fleshy;high_tannin;tannin
flint;323;flint;rocks;earth_inorganic
flinti;285;flint;rocks;earth_inorganic
flinti_miner;102;minerality;rocks;earth_inorganic
floral;4321;flower;flowery;flower
floral_fragranc;49;flower;flowery;flower
floral_particular;52;flower;flowery;flower
flower;2256;flower;flowery;flower
flower_straw;44;strawberry;red_fruit;fruit
floweri;151;flower;flowery;flower
foam;61;foamy;sparkling;style
forest_floor;1201;forest_floor;undergrowth;earth_organic
foresti;205;forest_floor;undergrowth;earth_organic
fortifi;55;fortified;high_alcohol;alcohol
found_dryer;44;dry;dry;sweetness
foxi;173;foxy;animal;brettanomyces
french_oak;1099;french_oak;resinous;woody
french_sparkl;176;sparkling;sparkling;style
fresh;22027;fresh;high_acid;acid
fresh_caught;57;fresh;high_acid;acid
freshen;138;fresh;high_acid;acid
fresher;194;fresh;high_acid;acid
fresher_sharper;211;fresh;high_acid;acid
freshest;70;fresh;high_acid;acid
frothi;48;frothy;sparkling;style
fruit;70819;fruit;fruity;fruit
fruitcak;81;cake;biscuit;caramel
fruiti;9709;fruit;fruity;fruit
fruitier;88;fruity;fruity;fruit
fudg;249;fudge;caramel;caramel
full;9250;full_bodied;full_bodied;body
full_bodi;12020;full_bodied;full_bodied;body
fuller_bodi;85;full_bodied;full_bodied;body
fulli;807;full_bodied;full_bodied;body
fulli_develop;104;full_bodied;full_bodied;body
fulli_integr;104;full_bodied;full_bodied;body
fulli_matur;41;mature;full_bodied;body
fulli_ripen;48;ripe;fruity;fruit
funk;339;funky;barnyard;brettanomyces
funki;728;funky;barnyard;brettanomyces
gain_complex;64;complex;high_complexity;complexity
gala_appl;89;apple;tree_fruit;fruit
game;877;game;meat;sulfides
gami;478;game;meat;sulfides
garden_herb;90;herb;fresh_herbs;vegetal
general_speak;949;peak;#N/A;#N/A
get_sweeter;175;sweet;sweet;sweetness
ginger;525;ginger;baking_spices;spice
gingerbread;143;gingerbread;baking_spices;spice
given_close;62;closed;high_complexity;complexity
glera_prosecco;176;rose;flowery;flower
goat_chees;253;cheese;lactic;microbial
goe_easi;51;easy;low_complexity;complexity
gold;107;gold;color;visual
gold_color;201;gold;color;visual
gold_green;109;apple;tree_fruit;fruit
golden;134;gold;color;visual
golden_appl;125;apple;tree_fruit;fruit
golden_color;112;gold;color;visual
golden_delici;158;apple;tree_fruit;fruit
gooseberri;548;gooseberry;red_fruit;fruit
grabbi;933;grabby;high_tannin;tannin
graham_cracker;302;graham_cracker;biscuit;caramel
grain;208;grain;resinous;woody
grain_nobl;68;grain;resinous;woody
graini;349;grainy;high_tannin;tannin
graini_tannin;412;grainy;high_tannin;tannin
granit;206;granite;rocks;earth_inorganic
granit_soil;52;granite;rocks;earth_inorganic
grapefru;93;grapefruit;citrus_fruit;fruit
grapefruit;3564;grapefruit;citrus_fruit;fruit
grapefruit_gooseberri;141;grapefruit_peel;citrus_fruit;fruit
grapefruit_peel;95;grapefruit_peel;citrus_fruit;fruit
grapefruit_pith;172;grapefruit_pith;citrus_fruit;fruit
grapefruit_rind;57;grapefruit_peel;citrus_fruit;fruit
grapefruit_zest;87;grapefruit_peel;citrus_fruit;fruit
grapey;254;grapey;red_fruit;fruit
graphit;1669;graphite;graphite;earth_inorganic
grapi;391;grapey;red_fruit;fruit
gras;64;grass;fresh_herbs;vegetal
grasp;42;grass;fresh_herbs;vegetal
grass;663;grass;fresh_herbs;vegetal
grassi;1078;grass;fresh_herbs;vegetal
grave;43;gravel;rocks;earth_inorganic
grave_appel;50;apple;tree_fruit;fruit
grave_region;41;gravel;rocks;earth_inorganic
gravel;258;gravel;rocks;earth_inorganic
gravel_soil;178;gravel;rocks;earth_inorganic
gravelli;74;gravel;rocks;earth_inorganic
gravelli_miner;43;gravel;rocks;earth_inorganic
gravelli_textur;47;gravel;rocks;earth_inorganic
gravenstein_appl;125;apple;tree_fruit;fruit
gravita;43;gravel;rocks;earth_inorganic
green;7731;green;color;visual
green_appl;2683;apple;tree_fruit;fruit
green_bean;249;green_bean;vegetable;vegetal
green_oliv;251;olive;vegetable;vegetal
green_pea;45;green_bean;vegetable;vegetal
green_peppercorn;153;green_pepper;pepper;spice
green_tea;246;tea;dried_herbs;vegetal
grill_beef;59;beef;meat;sulfides
grill_herb;570;grilled_herbs;fresh_herbs;vegetal
grill_lamb;67;lamb;#N/A;#N/A
grill_meat;316;grilled_meat;meat;sulfides
grill_peach;75;grilled_peach;stone_fruit;fruit
grill_porcini;48;mushroom;mushroom;earth_organic
grill_sage;144;sage;fresh_herbs;vegetal
grill_steak;78;grill_steak;meat;sulfides
grip;1747;grippy;high_tannin;tannin
grippi;1224;grippy;high_tannin;tannin
grit;117;gritty;high_tannin;tannin
gritti;916;gritty;high_tannin;tannin
ground_clove;82;clove;baking_spices;spice
ground_coffe;63;coffee;toasted;woody
ground_pepper;360;green_pepper;pepper;spice
grow_flora;171;flower;flowery;flower
guava;400;guava;tropical_fruit;fruit
gum;48;bubblegum;tropical_fruit;fruit
gummi;101;gummy;red_fruit;fruit
ham;51;ham;meat;sulfides
hard;2366;hard;high_tannin;tannin
hard_edg;154;hard;high_tannin;tannin
hard_find;124;hard;high_tannin;tannin
hard_resist;63;hard;high_tannin;tannin
harsh;225;harsh;high_tannin;tannin
hay;403;hay;dried_herbs;vegetal
hazelnut;402;hazelnut;nutty;nutty
hazelnut_oakier;46;hazelnut;nutty;nutty
head;145;high_alcohol;high_alcohol;alcohol
headi;784;heady;high_alcohol;alcohol
heart;335;hearty;full_bodied;body
heart_appel;62;hearty;full_bodied;body
hearti;707;hearty;full_bodied;body
heat;1009;hot;high_alcohol;alcohol
heat_alcohol;57;high_alcohol;high_alcohol;alcohol
heat_evid;92;hot;high_alcohol;alcohol
heavi;2752;heavy;full_bodied;body
heavier;101;heavy;full_bodied;body
heavili_oak;153;oak;resinous;woody
heavyweight;106;heavy;full_bodied;body
herb;11608;herb;fresh_herbs;vegetal
herbac;941;herbacious;fresh_herbs;vegetal
herbac_qualiti;46;herb;fresh_herbs;vegetal
herbal;8322;herb;fresh_herbs;vegetal
herbal_overton;48;herb;fresh_herbs;vegetal
herbal_schist;49;herb;fresh_herbs;vegetal
hibiscus;282;hibiscus;flowery;flower
hickori;234;hickory;resinous;woody
hickori_smoke;138;hickory_smoke;toasted;woody
high_alcohol;380;high_alcohol;high_alcohol;alcohol
high_medium;1747;medium_bodied;medium_bodied;body
higher_alcohol;47;high_alcohol;high_alcohol;alcohol
hollow;209;hollow;low_concentration;concentration
honey;3971;honey;honey;caramel
honeycomb;179;honeycomb;honey;caramel
honeydew;315;honeydew;melon;fruit
honeydew_melon;276;honeydew;melon;fruit
honeysuckl;889;honeysuckle;honey;caramel
horsey;132;horsey;barnyard;brettanomyces
hot;1119;hot;high_alcohol;alcohol
hot_summer;56;easy;low_complexity;complexity
hotter_climat;45;warm;high_alcohol;alcohol
huckleberri;104;huckleberry;dark_fruit;fruit
ice_cream;61;cream;lactic;microbial
immedi;516;easy;low_complexity;complexity
immedi_access;65;easy;low_complexity;complexity
immedi_appeal;108;easy;low_complexity;complexity
immedi_attract;152;easy;low_complexity;complexity
immedi_drinkabl;44;easy;low_complexity;complexity
immedi_enjoy;57;easy;low_complexity;complexity
impecc_balanc;196;elegant;light_bodied;body
incens;200;incense;toasted;woody
includ_limeston;52;limestone;rocks;earth_inorganic
indian_spice;49;indian_spice;baking_spices;spice
inki;317;inky;fruity;fruit
integr;1990;full_bodied;full_bodied;body
intens;6230;full_bodied;full_bodied;body
intensifi;123;full_bodied;full_bodied;body
iodin;208;iodine;salinity;salinity
iron;412;iron;metal;earth_inorganic
iron_file;45;iron;metal;earth_inorganic
iron_lighter;73;iron;metal;earth_inorganic
itali_prosecco;176;rose;flowery;flower
italian_white;231;white;color;visual
jag;118;jagged;high_tannin;tannin
jam;509;jam;red_fruit;fruit
jammi;2635;jam;red_fruit;fruit
jasmin;436;jasmine;flowery;flower
jelli;215;jelly;red_fruit;fruit
juic;1041;juicy;fruity;fruit
juici;11888;juicy;fruity;fruit
junip;373;juniper;leaves;vegetal
junip_pine;44;pine;leaves;vegetal
kalamata_oliv;53;olive;vegetable;vegetal
kerosen;49;rose;flowery;flower
key_lime;225;lime;citrus_fruit;fruit
kirsch;258;kirsch;red_fruit;fruit
kiwi;404;kiwi;tropical_fruit;fruit
kumquat;86;kumquat;citrus_fruit;fruit
lack_depth;59;depth;low_complexity;complexity
lactic;257;lactic;lactic;microbial
lamb;138;lamb;#N/A;#N/A
lanolin;134;lanolin;oil;earth_inorganic
latex;136;latex;rubber;earth_inorganic
lava_rock;41;rocky;rocks;earth_inorganic
lavend;657;lavender;flowery;flower
lavend_violet;54;violet;flowery;flower
lavish;374;lavish;high_complexity;complexity
leaf;610;leafy;leaves;vegetal
leafi;1168;leafy;leaves;vegetal
leafi_underbrush;126;forest_floor;undergrowth;earth_organic
lean;2957;lean;high_acid;acid
leaner;114;lean;high_acid;acid
leather;5316;leather;leather;sulfides
leather_saddl;42;saddle_leather;barnyard;brettanomyces
leather_truffl;57;leather;leather;sulfides
leatheri;1595;leather;leather;sulfides
leav_astring;141;astringent;high_tannin;tannin
lee;342;lees;yeasty;microbial
leesi;248;lees;yeasty;microbial
lemon;5295;lemon;citrus_fruit;fruit
lemon_balm;72;wax;citrus_fruit;fruit
lemon_curd;267;lemon_curd;citrus_fruit;fruit
lemon_custard;99;lemon_custard;caramel;caramel
lemon_drop;247;lemon_drop;citrus_fruit;fruit
lemon_juic;141;lemon;citrus_fruit;fruit
lemon_lime;1171;citrus;citrus_fruit;fruit
lemon_meringu;74;lemon_meringue;caramel;caramel
lemon_oil;120;lemon;citrus_fruit;fruit
lemon_peel;529;lemon_peel;citrus_fruit;fruit
lemon_pith;139;lemon_pith;citrus_fruit;fruit
lemon_rind;270;lemon_peel;citrus_fruit;fruit
lemon_verbena;112;lemon_verbena;citrus_fruit;fruit
lemon_zest;951;lemon_peel;citrus_fruit;fruit
lemonad;51;lemon;citrus_fruit;fruit
lemongrass;318;lemongrass;fresh_herbs;vegetal
lemoni;1575;lemon;citrus_fruit;fruit
length;1537;length;long_finish;finish
lengthi;631;lengthy;long_finish;finish
less_sugar;173;low_sugar;sweet;sweetness
lettuc;80;lettuce;vegetable;vegetal
licoric;6400;licorice;baking_spices;spice
licoric_root;89;licorice;baking_spices;spice
light;16612;light_bodied;light_bodied;body
light_afternoon;211;easy;low_complexity;complexity
light_airi;56;light_bodied;light_bodied;body
light_bodi;2468;light_bodied;light_bodied;body
light_feet;143;low_alcohol;low_alcohol;alcohol
light_foot;231;low_alcohol;low_alcohol;alcohol
light_spritzi;74;spritzy;high_acid;acid
lighten;68;light_bodied;light_bodied;body
lighter;587;light_bodied;light_bodied;body
lighter_bodi;143;light_bodied;light_bodied;body
lighter_color;96;light_color;color_intensity;visual
lighter_side;63;light_bodied;light_bodied;body
lighter_style;420;light_bodied;light_bodied;body
lightest;73;light;light_bodied;body
lightweight;357;light_bodied;light_bodied;body
lilac;259;lilac;flowery;flower
lime;3535;lime;citrus_fruit;fruit
lime_juic;161;lime;citrus_fruit;fruit
lime_leaf;88;lime;citrus_fruit;fruit
lime_peel;136;lime_peel;citrus_fruit;fruit
lime_pith;176;lime_pith;citrus_fruit;fruit
lime_rind;85;lime_peel;citrus_fruit;fruit
lime_zest;361;lime_peel;citrus_fruit;fruit
limeston;97;limestone;rocks;earth_inorganic
limeston_sand;97;limestone;rocks;earth_inorganic
limeston_schist;54;limestone;rocks;earth_inorganic
linear;1047;linear;low_complexity;complexity
linger;4819;linger;#N/A;#N/A
list_alcohol;42;hot;high_alcohol;alcohol
live_seafood;62;saline;salinity;salinity
load_finess;108;finessed;high_complexity;complexity
loam;188;loamy;soil;earth_organic
loami;262;loamy;soil;earth_organic
loami_earth;44;earth;soil;earth_organic
loami_soil;54;soil;soil;earth_organic
long;5789;polished;low_tannin;tannin
long_mouthwat;125;lengthy;long_finish;finish
low_alcohol;261;low_alcohol;low_alcohol;alcohol
low_sugar;178;low_sugar;sweet;sweetness
lower_alcohol;45;low_alcohol;low_alcohol;alcohol
lumin;129;luminous;color_intensity;visual
lush;3439;lush;full_bodied;body
luxuri;409;luxurious;full_bodied;body
lyche;355;lychee;tropical_fruit;fruit
mace;93;mace;baking_spices;spice
mandarin;115;mandarin;citrus_fruit;fruit
mandarin_orang;128;orange;citrus_fruit;fruit
mango;522;mango;tropical_fruit;fruit
mango_melon;42;mango;tropical_fruit;fruit
mango_peach;51;mango;tropical_fruit;fruit
mango_pineappl;87;tropical_fruit;tropical_fruit;fruit
mani_sparkl;963;sparkling;sparkling;style
mapl;259;maple;resinous;woody
mapl_syrup;221;maple_syrup;caramel;caramel
maraschino_cherri;55;cherry;red_fruit;fruit
marjoram;113;marjoram;fresh_herbs;vegetal
mark_close;119;closed;high_complexity;complexity
mark_medium;108;medium_bodied;medium_bodied;body
marmalad;159;marmalade;citrus_fruit;fruit
marshmallow;243;marshmallow;caramel;caramel
marzipan;272;almond;nutty;nutty
masculin;143;masculine;high_tannin;tannin
mass;87;mass;full_bodied;body
matchstick;102;matchstick;sulfur;sulfides
matur;3121;mature;full_bodied;body
meali;191;mealy;low_acid;acid
mean_amaron;62;amarone;high_alcohol;alcohol
meat;859;meat;meat;sulfides
meat_dish;86;meat;meat;sulfides
meat_juic;71;meat;meat;sulfides
meat_tri;110;meat;meat;sulfides
meati;1726;meaty;high_tannin;tannin
medicin;827;medicinal;medicinal;brettanomyces
mediterranean;104;meditteranean_herbs;fresh_herbs;vegetal
mediterranean_brush;136;meditteranean_herbs;fresh_herbs;vegetal
mediterranean_herb;357;meditteranean_herbs;fresh_herbs;vegetal
mediterranean_scrub;127;meditteranean_herbs;fresh_herbs;vegetal
medium;1765;medium_bodied;medium_bodied;body
medium_bodi;5423;medium_bodied;medium_bodied;body
medium_high;193;medium_bodied;medium_bodied;body
medium_length;222;medium_length_finish;medium_length_finish;finish
medium_term;196;medium_bodied;medium_bodied;body
medium_veri;648;medium_bodied;medium_bodied;body
medium_weight;915;medium_bodied;medium_bodied;body
mellow;946;mellow;low_concentration;concentration
melon;3490;melon;melon;fruit
melon_fig;77;melon;melon;fruit
melon_mango;42;melon;melon;fruit
melon_papaya;49;melon;melon;fruit
melon_rind;124;melon_rind;melon;fruit
meloni;222;melon;melon;fruit
melt_butter;57;melted_butter;lactic;microbial
menthol;1338;menthol;fresh_herbs;vegetal
metal;149;metal;metal;earth_inorganic
meyer_lemon;532;lemon;citrus_fruit;fruit
mild;2410;mild_bitterness;medium_tannin;tannin
mild_bitter;116;mild_bitterness;medium_tannin;tannin
mild_curri;47;curry;baking_spices;spice
milk_chocol;827;milk_chocolate;chocolate;caramel
miner;9734;minerality;rocks;earth_inorganic
miner_flinti;125;minerality;rocks;earth_inorganic
miner_span;44;minerality;rocks;earth_inorganic
miner_vein;152;minerality;rocks;earth_inorganic
miner_vinho;62;minerality;rocks;earth_inorganic
mingl_easili;53;easy;low_complexity;complexity
mint;3019;mint;fresh_herbs;vegetal
mint_thyme;47;mint;fresh_herbs;vegetal
minti;1369;mint;fresh_herbs;vegetal
mirabell;65;plum;dark_fruit;fruit
mirabell_plum;98;plum;dark_fruit;fruit
mix_granit;58;granite;rocks;earth_inorganic
mix_limeston;109;limestone;rocks;earth_inorganic
mocha;3257;coffee;toasted;woody
moder_alcohol;74;low_alcohol;low_alcohol;alcohol
moder_tannic;180;medium_tannin;medium_tannin;tannin
modest;1033;modest;low_complexity;complexity
moist_earth;198;moist_earth;soil;earth_organic
moist_soil;83;soil;soil;earth_organic
molass;439;molasses;caramel;caramel
morello_cherri;290;cherry;red_fruit;fruit
moss;130;moss;undergrowth;earth_organic
mossi;183;moss;undergrowth;earth_organic
mouss;115;mousse;sparkling;style
much_lighter;234;light_bodied;light_bodied;body
mulberri;357;mulberry;dark_fruit;fruit
mulchi;129;mulch;soil;earth_organic
murki;278;murky;color_intensity;visual
muscular;648;muscular;high_tannin;tannin
mushi;72;mushroom;mushroom;earth_organic
mushroom;849;mushroom;mushroom;earth_organic
mushroomi;85;mushroom;mushroom;earth_organic
muski;154;musky;animal;brettanomyces
mustard;66;mustard;baking_spices;spice
nativ_yeast;48;yeast;yeast;microbial
nectar;70;nectar;flowery;flower
nectarin;1326;nectarine;stone_fruit;fruit
nectarin_melon;208;melon;melon;fruit
nectarin_zest;107;nectarine;citrus_fruit;fruit
need_age;719;wood_age;resinous;woody
need_soften;158;soft;low_tannin;tannin
need_sparkl;176;sparkling;sparkling;style
nervi;277;nervy;high_acid;acid
nervous_acid;55;acid;high_acid;acid
nettl;180;nettle;leaves;vegetal
neutral_barrel;48;oak;resinous;woody
neutral_oak;205;neutral_oak;resinous;woody
new_leather;677;leather;leather;sulfides
new_oak;913;new_oak;resinous;woody
new_wood;492;new_wood;resinous;woody
nut;482;nut;nutty;nutty
nutmeg;1122;nutmeg;baking_spices;spice
nutti;711;nut;nutty;nutty
oak;17223;oak;resinous;woody
oak_deriv;59;oak;resinous;woody
oak_influenc;253;oak;resinous;woody
oak_knoll;48;oak;resinous;woody
oak_treatment;74;oak;resinous;woody
oaki;3405;oak;resinous;woody
oaki_resini;43;oak;resinous;woody
ocean;101;ocean;salinity;salinity
oil;116;oil;oil;earth_inorganic
oili;605;oily;oil;earth_inorganic
oili_sardin;45;sardine;salinity;salinity
olallieberri;127;olallieberry;dark_fruit;fruit
old;537;full_bodied;full_bodied;body
old_vine;844;full_bodied;full_bodied;body
oliv;970;olive;vegetable;vegetal
open;7723;complex;high_complexity;complexity
opul;1019;opulent;full_bodied;body
orang;1729;orange;citrus_fruit;fruit
orang_blossom;445;orange_blossom;flowery;flower
orang_juic;50;orange;citrus_fruit;fruit
orang_marmalad;136;orange_marmalade;citrus_fruit;fruit
orang_oil;62;orange;citrus_fruit;fruit
orang_peel;1324;orange_peel;citrus_fruit;fruit
orang_rind;321;orange_peel;citrus_fruit;fruit
orang_tangerin;80;orange;citrus_fruit;fruit
orang_zest;600;orange_peel;citrus_fruit;fruit
orchard_fruit;415;fruit;fruity;fruit
oregano;369;oregano;fresh_herbs;vegetal
oregano_thyme;100;meditteranean_herbs;fresh_herbs;vegetal
origin_plant;44;plant;fresh_herbs;vegetal
overoak;71;over-oaked;resinous;woody
overrip;754;overripe;fruity;fruit
oxid;280;oxidized;color;visual
pair_seafood;42;saline;salinity;salinity
pale;172;pale;color_intensity;visual
pale_color;73;pale_color;color;visual
papaya;299;papaya;tropical_fruit;fruit
particular_spici;177;spice;baking_spices;spice
passion_fruit;822;passion_fruit;tropical_fruit;fruit
passionfruit;100;passion_fruit;tropical_fruit;fruit
pastri;306;pastry;biscuit;caramel
pea;85;pea;vegetable;vegetal
peach;4204;peach;stone_fruit;fruit
peach_apricot;377;stone_fruit;stone_fruit;fruit
peach_mango;65;mango;tropical_fruit;fruit
peach_melon;248;peach;stone_fruit;fruit
peach_nectarin;120;peach;stone_fruit;fruit
peach_papaya;45;peach;stone_fruit;fruit
peach_pit;110;peach_pit;stone_fruit;fruit
peachi;238;peach;stone_fruit;fruit
peak;188;peak;#N/A;#N/A
peanut;67;peanut;nutty;nutty
pear;6562;pear;tree_fruit;fruit
pear_flesh;77;pear;tree_fruit;fruit
pear_greco;51;pear;tree_fruit;fruit
pear_quinc;47;quince;tree_fruit;fruit
pencil_lead;490;pencil_lead;graphite;earth_inorganic
pencil_shave;286;pencil_shaving;graphite;earth_inorganic
pepper;3936;pepper;pepper;spice
pepper_bridg;131;pepper;pepper;spice
peppercorn;500;pepper;pepper;spice
pepperi;2905;pepper;pepper;spice
perfect_summer;249;easy;low_complexity;complexity
perfum;3399;perfumed;flowery;flower
persist;1492;linger;#N/A;#N/A
petal;105;petal;flowery;flower
petrol;390;petrol;petroleum;earth_inorganic
phenol;172;phenolic;high_tannin;tannin
pickl;299;pickled;high_acid;acid
pickl_barrel;44;oak;resinous;woody
pie;851;pie;biscuit;caramel
pie_crust;44;pie;biscuit;caramel
pierc;486;piercing;high_acid;acid
pillowi;119;pillowy;low_tannin;tannin
pine;311;pine;resinous;woody
pine_forest;98;pine;leaves;vegetal
pine_needl;250;pine;leaves;vegetal
pine_resin;45;pine;resinous;woody
pine_sap;44;pineapple;tropical_fruit;fruit
pineappl;3189;pineapple;tropical_fruit;fruit
pineappl_guava;55;tropical_fruit;tropical_fruit;fruit
pineappl_mango;108;tropical_fruit;tropical_fruit;fruit
pink;196;pink;color;visual
pink_color;70;pink_color;color;visual
pink_grapefruit;616;grapefruit;citrus_fruit;fruit
pink_orang;227;grapefruit;citrus_fruit;fruit
pipe_tobacco;411;tobacco;dried_herbs;vegetal
pith;177;pith;citrus_fruit;fruit
pithi;545;pith;citrus_fruit;fruit
pithi_bitter;58;bitter;high_tannin;tannin
plant;876;plant;fresh_herbs;vegetal
plant_gravel;52;gravel;rocks;earth_inorganic
plant_sandi;98;plant;fresh_herbs;vegetal
plastic;193;plastic;petroleum;earth_inorganic
pleasant;2094;easy;low_complexity;complexity
pleasant_bitter;122;pleasant_bitter;medium_tannin;tannin
pliant_tannin;49;tannin;high_tannin;tannin
plot_soil;92;soil;soil;earth_organic
plum;21137;plum;dark_fruit;fruit
plummi;632;plum;dark_fruit;fruit
plump;1887;plump;full_bodied;body
plush;1334;plush;low_tannin;tannin
poach_pear;119;pear;tree_fruit;fruit
polish;2271;polished;low_tannin;tannin
pollen;142;pollen;flowery;flower
pomegran;1148;pomegranate;red_fruit;fruit
pomegran_cranberri;72;red_fruit;red_fruit;fruit
pop;511;pop;high_acid;acid
popcorn;215;popcorn;caramel;caramel
popular_white;45;white;color;visual
porcini_mushroom;50;mushroom;mushroom;earth_organic
pork;68;pork;meat;sulfides
potpourri;299;potpourri;flowery;flower
poultri;62;poultry;meat;sulfides
powder_sage;196;sage;fresh_herbs;vegetal
powder_sugar;66;sugar;very_sweet;sweetness
powderi;95;powdery;low_tannin;tannin
power;6225;powerful;high_concentration;concentration
power_finess;63;finessed;high_complexity;complexity
preserv_lemon;87;preserved_lemon;citrus_fruit;fruit
press_appl;203;apple;tree_fruit;fruit
press_rose;133;rose;flowery;flower
press_violet;158;violet;flowery;flower
prick;255;prickly;sparkling;style
produc_subt;59;finessed;high_complexity;complexity
profil_robust;63;robust;full_bodied;body
prosecco_also;176;rose;flowery;flower
prosecco_general;176;rose;flowery;flower
provenc_light;212;rose;flowery;flower
provid_backbon;81;full_bodied;full_bodied;body
prune;1712;prune;dried_fruit;fruit
prune_raisin;150;prune_raisin;dried_fruit;fruit
pruney;92;prune;dried_fruit;fruit
pruni;56;prune;dried_fruit;fruit
puckeri;77;puckery;high_acid;acid
pulpi;145;pulpy;fruity;fruit
punchi;322;punchy;high_concentration;concentration
pungent;615;pungent;high_alcohol;alcohol
purpl;841;purple;color;visual
purpl_color;152;purple;color;visual
purpl_flower;570;purple_flower;flowery;flower
pyrazin;104;pyrazines;vegetable;vegetal
quaffer;162;quaffer;low_complexity;complexity
quinc;394;quince;tree_fruit;fruit
quinin;58;quince;tree_fruit;fruit
raci;1941;racy;high_acid;acid
rais;46;raisin;dried_fruit;fruit
raisin;1592;raisin;dried_fruit;fruit
raisin_prune;174;raisin_prune;dried_fruit;fruit
raisini;747;raisin;dried_fruit;fruit
rang_mediterranean;49;meditteranean_herbs;fresh_herbs;vegetal
rang_steeli;44;steel;metal;earth_inorganic
rare_beef;43;beef;meat;sulfides
raspberri;9842;raspberry;red_fruit;fruit
raspberri_compot;233;raspberry;red_fruit;fruit
raspberri_jam;388;raspberry;red_fruit;fruit
raspi;128;raspy;high_tannin;tannin
rather_astring;78;astringent;high_tannin;tannin
rather_auster;46;austere;high_tannin;tannin
rather_lean;152;lean;light_bodied;body
raw;1362;raw;high_acid;acid
raw_meat;42;meat;meat;sulfides
raw_sour;48;sour;high_acid;acid
recent_amaron;62;amarone;high_alcohol;alcohol
red;23838;red;color;visual
red_currant;1429;red_currant;red_fruit;fruit
reduc;426;reductive;fruity;fruit
reduct;312;reductive;fruity;fruit
reedi;159;reedy;leaves;vegetal
refin;849;refined;light_bodied;body
refresh;3881;refreshing;high_acid;acid
refresh_fun;62;fresh;high_acid;acid
refresh_pink;211;fresh;high_acid;acid
region_finest;94;finessed;high_complexity;complexity
region_limeston;97;limestone;rocks;earth_inorganic
relat_cool;69;cool;high_acid;acid
residu_sugar;717;residual_sugar;sweet;sweetness
residu_sweet;81;residual_sweetness;sweet;sweetness
resin;432;resin;resinous;woody
resini;501;resin;resinous;woody
resini_oak;155;resin;resinous;woody
restrain;1215;restrained;low_concentration;concentration
restraint;321;restrained;low_concentration;concentration
rhubarb;670;rhubarb;vegetable;vegetal
rhubarb_cranberri;58;cranberry;red_fruit;fruit
rhubarb_strawberri;49;strawberry;red_fruit;fruit
rich;20469;rich;full_bodied;body
richer;489;rich;full_bodied;body
riesl_fish;54;fish;salinity;salinity
rind;183;rind;citrus_fruit;fruit
ripe;29714;ripe;fruity;fruit
ripen;265;ripe;fruity;fruit
ripen_chees;51;cheese;lactic;microbial
riper;709;ripe;fruity;fruit
riper_fuller;48;ripe;fruity;fruit
riper_still;176;ripe;fruity;fruit
ripest;57;ripe;fruity;fruit
roast;2286;roast;toasted;woody
roast_beef;142;roast_beef;meat;sulfides
roast_chicken;73;roast_chicken;meat;sulfides
roast_coffe;691;coffee;toasted;woody
roast_game;46;roast_game;meat;sulfides
roast_lamb;56;roast_lamb;meat;sulfides
roast_meat;277;roasted_meat;meat;sulfides
roast_nut;112;toasted_nut;nutty;nutty
roast_pork;112;roast_pork;meat;sulfides
robust;1468;robust;full_bodied;body
robust_evid;92;robust;full_bodied;body
rock;640;stone;rocks;earth_inorganic
rock_hard;46;rocky;rocks;earth_inorganic
rock_solid;87;rocky;rocks;earth_inorganic
rocki;171;rocky;rocks;earth_inorganic
rocki_miner;57;minerality;rocks;earth_inorganic
root;174;root;undergrowth;earth_organic
root_beer;265;sassafras;leaves;vegetal
rooti;367;root;undergrowth;earth_organic
rose;879;rose;flowery;flower
rose_hip;68;rose;flowery;flower
rose_petal;1213;rose;flowery;flower
rose_slightest;211;rose;flowery;flower
rose_violet;123;rose_violet;flowery;flower
rose_water;52;rose;flowery;flower
rosemari;262;rosemary;fresh_herbs;vegetal
rosewat;89;rosewater;flowery;flower
rough;897;rough;high_tannin;tannin
rough_edg;106;rough;high_tannin;tannin
round;7641;round;low_tannin;tannin
round_particular;109;round;low_tannin;tannin
rounder;112;round;low_tannin;tannin
rubber;563;rubber;rubber;earth_inorganic
rubberi;1387;rubber;rubber;earth_inorganic
rubi_color;68;ruby_color;color;visual
russet_pear;57;pear;tree_fruit;fruit
rusti;92;rusty;color;visual
rustic;1133;rustic;high_tannin;tannin
saddl_leather;98;saddle_leather;barnyard;brettanomyces
saffron;162;saffron;saffron;spice
sage;1609;sage;fresh_herbs;vegetal
sage_thyme;51;sage;fresh_herbs;vegetal
sagebrush;335;sage;fresh_herbs;vegetal
salad;205;salad;fresh_herbs;vegetal
salad_mango;48;mango;tropical_fruit;fruit
salin;575;saline;salinity;salinity
salmon;103;salmon;high_concentration;concentration
salt;464;salt;salinity;salinity
salti;1236;salt;salinity;salinity
sand_gravel;54;gravel;rocks;earth_inorganic
sandalwood;530;sandalwood;resinous;woody
sandston_typic;54;stone;rocks;earth_inorganic
sanguin;211;sanguine;meat;sulfides
sappi;398;sappy;leaves;vegetal
sassafra;121;sassafras;leaves;vegetal
satini;147;satiny;low_tannin;tannin
savori;6594;savory;vegetable;vegetal
sawdust;224;sawdust;resinous;woody
scallop_roast;47;scallop_roast;meat;sulfides
scorch_earth;390;scorched_earth;soil;earth_organic
scorch_soil;70;soil;soil;earth_organic
scratchi;571;scratchy;low_tannin;tannin
sea;75;saline;salinity;salinity
sea_breez;72;saline;salinity;salinity
sea_salt;355;saline;salinity;salinity
sea_spray;54;saline;salinity;salinity
seafood;233;saline;salinity;salinity
seafood_dish;48;saline;salinity;salinity
seafood_lobster;46;saline;salinity;salinity
seafood_nebbiolo;92;saline;salinity;salinity
seafood_paella;45;saline;salinity;salinity
seafood_salad;116;saline;salinity;salinity
seafood_work;45;saline;salinity;salinity
seam;105;saline;salinity;salinity
seamless;547;saline;salinity;salinity
sear;235;saline;salinity;salinity
sear_lemon;54;saline;salinity;salinity
season;438;saline;salinity;salinity
seem_bit;523;bitter;high_tannin;tannin
semi_sweet;58;medium_sweet;sweet;sweetness
semisweet;85;medium_sweet;sweet;sweetness
semisweet_riesl;41;semisweet;sweet;sweetness
serv_aperitif;177;fortified;high_alcohol;alcohol
serv_chill;50;fresh;high_acid;acid
serv_springtim;109;spring_flower;flowery;flower
set_backbon;48;full_bodied;full_bodied;body
sharp;1942;sharp;high_acid;acid
shellfish;138;fish;salinity;salinity
shimmer;129;shimmer;color_intensity;visual
shine;882;shine;color_intensity;visual
shoe_polish;133;shoe_polish;baking_spices;spice
shrimp_salad;63;shrimp;salinity;salinity
shrivel_raisin;62;raisin;dried_fruit;fruit
signal_close;125;closed;high_complexity;complexity
silken;74;silky;low_tannin;tannin
silki;2184;silky;low_tannin;tannin
simpl;3188;simple;low_complexity;complexity
simpler_french;43;simple;low_complexity;complexity
simpli;362;simple;low_complexity;complexity
simplic;51;simple;low_complexity;complexity
sinewi;154;sinewy;high_tannin;tannin
sizzl;226;sizzling;high_acid;acid
slate;557;slate;rocks;earth_inorganic
sleek;543;sleek;low_tannin;tannin
slick;152;slick;oil;earth_inorganic
slight_bitter;441;bitter;high_tannin;tannin
slight_chill;59;fresh;high_acid;acid
slight_oili;86;oil;oil;earth_inorganic
slight_reduc;52;reductive;fruity;fruit
smoke;3926;smoke;toasted;woody
smoke_beef;46;smoked_meat;toasted;woody
smoke_fish;57;smoked_fish;toasted;woody
smoke_meat;742;smoked_meat;toasted;woody
smoke_nut;83;smoked_nut;nutty;nutty
smoke_pork;51;smoked_meat;meat;sulfides
smoki;4374;smoke;toasted;woody
smooth;7576;smooth;low_tannin;tannin
snap;281;snappy;high_acid;acid
snappi;1034;snappy;high_acid;acid
soak;148;oak;resinous;woody
soapi;94;soapy;oil;earth_inorganic
soft;12701;soft;low_tannin;tannin
soften;1350;soft;low_tannin;tannin
soften_next;48;soft;low_tannin;tannin
softer;261;soft;low_tannin;tannin
soil;744;soil;soil;earth_organic
soil_adjac;171;soil;soil;earth_organic
soil_result;49;soil;soil;earth_organic
soil_situat;73;soil;soil;earth_organic
soil_tend;97;soil;soil;earth_organic
soil_type;116;soil;soil;earth_organic
soil_veget;110;soil;soil;earth_organic
solid;4725;solid;high_complexity;complexity
somewhat_astring;45;astringent;high_tannin;tannin
sorbet;75;sorbet;fruity;fruit
soupi;259;full_bodied;full_bodied;body
sour;1413;sour;high_acid;acid
sour_cherri;1015;cherry;red_fruit;fruit
soy;369;soy;caramel;caramel
soy_sauc;127;soy_sauce;caramel;caramel
sparkl;305;sparkling;sparkling;style
sparkl_champagn;930;sparkling;sparkling;style
sparkl_varieti;171;sparkling;sparkling;style
sparkler;175;sparkling;sparkling;style
spearmint;202;mint;fresh_herbs;vegetal
spice;18764;spice;baking_spices;spice
spice_cake;109;spice_cake;baking_spices;spice
spice_veal;92;spice;baking_spices;spice
spici;8020;spice;baking_spices;spice
spiki;105;spiky;high_acid;acid
spring;196;spring_flower;flowery;flower
spring_blossom;79;blossom;flowery;flower
spring_flower;260;spring_flower;flowery;flower
spritz;175;spritzy;high_acid;acid
spritzi;155;spritzy;high_acid;acid
squash_crisper;46;squash;microbial;microbial
squeez_lemon;94;lemon;citrus_fruit;fruit
squeez_lime;72;lime;citrus_fruit;fruit
stainless;79;steel;metal;earth_inorganic
stainless_steel;443;steel;metal;earth_inorganic
stalki;930;stalky;fresh_herbs;vegetal
star_anis;1575;star_anise;baking_spices;spice
status_amaron;62;amarone;high_alcohol;alcohol
steak;286;steak;meat;sulfides
steak_well;94;steak;meat;sulfides
steel;409;steel;metal;earth_inorganic
steeli;1002;steel;metal;earth_inorganic
steeli_edg;79;steel;metal;earth_inorganic
steeli_miner;154;steel;metal;earth_inorganic
steep_prune;52;prune;dried_fruit;fruit
stem;405;stemmy;fresh_herbs;vegetal
stem_earth;41;earth;soil;earth_organic
stemmi;476;stemmy;fresh_herbs;vegetal
stew_prune;117;stewed_prune;dried_fruit;fruit
stick;165;sticky;very_sweet;sweetness
sticki;577;sticky;very_sweet;sweetness
still_young;1062;easy;low_complexity;complexity
stone;2696;stone;rocks;earth_inorganic
stonefruit;77;stone_fruit;stone_fruit;fruit
stoni;435;stone;rocks;earth_inorganic
stoni_miner;198;minerality;rocks;earth_inorganic
stout;171;stout;full_bodied;body
straightforward;1840;low_complexity;low_complexity;complexity
straw;120;strawberry;red_fruit;fruit
straw_color;71;strawberry;red_fruit;fruit
strawberri;4258;strawberry;red_fruit;fruit
strawberri_compot;54;strawberry;red_fruit;fruit
strawberri_jam;127;strawberry;red_fruit;fruit
strawberri_preserv;102;strawberry;red_fruit;fruit
strawberri_rhubarb;76;strawberry;red_fruit;fruit
streak_cola;104;cola;baking_spices;spice
struck_flint;125;struck_flint;rocks;earth_inorganic
structur;13566;full_bodied;full_bodied;body
structur_perfumi;98;perfumed;flowery;flower
sturdi;497;sturdy;full_bodied;body
style_unoak;43;oak;resinous;woody
subt;157;finessed;high_complexity;complexity
subt_season;110;saline;salinity;salinity
subtl;2648;finessed;high_complexity;complexity
subtleti;228;finessed;high_complexity;complexity
subtleti_environ;92;iron;metal;earth_inorganic
succul;1040;succulent;full_bodied;body
sugar;508;sugar;very_sweet;sweetness
sugar_beet;56;sugar;very_sweet;sweetness
sugar_bubbl;930;bubblegum;tropical_fruit;fruit
sugari;326;sugar;very_sweet;sweetness
sulfur;200;sulfur;sulfur;sulfides
summer;403;easy;low_complexity;complexity
summer_afternoon;216;easy;low_complexity;complexity
summer_heat;50;easy;low_complexity;complexity
summer_temperatur;44;easy;low_complexity;complexity
sun_bake;91;earth;soil;earth_organic
sunbak_earth;81;earth;soil;earth_organic
sunni_climat;54;warm;high_alcohol;alcohol
superrip;311;super_ripe;fruity;fruit
superstar_white;175;white;color;visual
suppl;2657;supple;low_tannin;tannin
sushi_green;109;fish;salinity;salinity
sweat;67;sweat;animal;brettanomyces
sweati;155;sweat;animal;brettanomyces
sweet;13150;sweet;sweet;sweetness
sweet_corn;45;sweet_corn;sweet;sweetness
sweeten;98;sweet;sweet;sweetness
sweeter;166;sweet;sweet;sweetness
syrup;528;syrupy;caramel;caramel
syrupi;671;syrupy;caramel;caramel
syrupi_mouthfeel;50;syrupy;caramel;caramel
taco_sushi;54;fish;salinity;salinity
tan_leather;48;leather;leather;sulfides
tang;537;tangy;high_acid;acid
tangerin;1875;tangerine;citrus_fruit;fruit
tangerin_zest;131;tangerine_peel;citrus_fruit;fruit
tangi;3831;tangy;high_acid;acid
tannic;5852;tannin;high_tannin;tannin
tannic_backbon;107;high_tannin;high_tannin;tannin
tannic_bite;126;high_tannin;high_tannin;tannin
tannic_grip;198;grippy;high_tannin;tannin
tannin;37486;tannin;high_tannin;tannin
tannin_clench;62;tannin;high_tannin;tannin
tapenad;73;olive;vegetable;vegetal
taper_toward;44;fortified;high_alcohol;alcohol
tar;1105;tar;petroleum;earth_inorganic
tarragon;248;tarragon;fresh_herbs;vegetal
tarri;318;tar;petroleum;earth_inorganic
tart;8440;tart;high_acid;acid
tartar_acid;80;acid;high_acid;acid
tea;1042;tea;dried_herbs;vegetal
tea_leaf;91;tea;dried_herbs;vegetal
tea_leav;66;tea;dried_herbs;vegetal
teas;231;tea;dried_herbs;vegetal
terribl_complex;53;complex;high_complexity;complexity
therefor_sweeter;175;sweet;sweet;sweetness
thick;2663;thick;full_bodied;body
thin;954;light_bodied;light_bodied;body
thorough_delici;56;delicate;medium_bodied;body
thyme;742;thyme;fresh_herbs;vegetal
thyme_bay;50;thyme;fresh_herbs;vegetal
thyme_oregano;56;thyme;fresh_herbs;vegetal
tight;5601;tight;high_tannin;tannin
tight_coil;58;tight;high_tannin;tannin
tight_compact;58;tight;high_tannin;tannin
tight_drum;41;tight;high_tannin;tannin
tight_grain;96;grain;resinous;woody
tight_knit;224;tight;high_tannin;tannin
tight_wound;1023;tight;high_tannin;tannin
tight_woven;134;tight;high_tannin;tannin
tighten;91;tight;high_tannin;tannin
tighter;76;tight;high_tannin;tannin
till_earth;244;earth;soil;earth_organic
till_soil;559;soil;soil;earth_organic
ting;868;tingling;high_acid;acid
tingl;206;tingly;sparkling;style
tini;182;tinny;metal;earth_inorganic
tini_amount;42;tinny;metal;earth_inorganic
tini_bit;72;bitter;high_tannin;tannin
tini_product;67;tinny;metal;earth_inorganic
tire;151;tire_rubber;rubber;earth_inorganic
tire_rubber;230;rubber;rubber;earth_inorganic
toast;6751;toast;toasted;woody
toast_almond;264;toasted_almond;nutty;nutty
toast_bread;65;toast;toasted;woody
toast_coconut;158;toasted_coconut;resinous;woody
toast_grain;50;grain;resinous;woody
toast_hazelnut;232;toasted_hazelnut;nutty;nutty
toast_marshmallow;48;marshmallow;caramel;caramel
toast_nut;286;toasted_nut;nutty;nutty
toast_walnut;51;toasted_nut;nutty;nutty
toasti;3902;toast;toasted;woody
tobacco;5401;tobacco;dried_herbs;vegetal
tobacco_leaf;349;tobacco;dried_herbs;vegetal
toffe;282;toffee;caramel;caramel
tomato;1294;tomato;vegetable;vegetal
tomato_leaf;428;tomato;vegetable;vegetal
tomato_sauc;71;tomato;vegetable;vegetal
tomato_vine;132;tomato;vegetable;vegetal
tomatoey;156;tomato;vegetable;vegetal
total_refresh;50;fresh;high_acid;acid
touch_reduct;78;reductive;fruity;fruit
tree;205;tree_bark;resinous;woody
tree_bark;256;tree_bark;resinous;woody
tropic;4110;tropical_fruit;tropical_fruit;fruit
truffl;626;truffle;mushroom;earth_organic
turn_earth;285;earth;soil;earth_organic
turn_soil;46;soil;soil;earth_organic
type_gravel;97;gravel;rocks;earth_inorganic
ultrarip;135;ripe;fruity;fruit
umami;152;umami;vegetable;vegetal
unbalanc;59;unbalanc;bodied;body
uncompl;171;simple;low_complexity;complexity
unctuous;403;oil;oil;earth_inorganic
underbrush;1367;undergrowth;undergrowth;earth_organic
underbrush_leather;113;leather;leather;sulfides
underrip;420;underripe;fruity;fruit
underrip_peach;48;peach;stone_fruit;fruit
underseason;92;saline;salinity;salinity
uniqu_soil;109;soil;soil;earth_organic
unoak;231;unoaked;light_bodied;body
unoak_chard;57;unoaked;light_bodied;body
unoak_chardonnay;109;unoaked;light_bodied;body
unrip;160;unripe;fruity;fruit
valley_chard;46;chard;fresh_herbs;vegetal
vanilla;11462;vanilla;resinous;woody
vanilla_bean;239;vanilla;resinous;woody
vanilla_cooki;60;vanilla;resinous;woody
vanilla_cream;205;vanilla;resinous;woody
vanilla_custard;62;vanilla;resinous;woody
vanilla_wafer;57;vanilla;resinous;woody
veget;679;vegetal;vegetable;vegetal
veget_leafi;94;vegetal;vegetable;vegetal
veggi;76;vegetal;vegetable;vegetal
velvet;110;velvety;low_tannin;tannin
velvet_textur;84;velvety;low_tannin;tannin
velveti;2169;velvety;low_tannin;tannin
veri_drinkabl;129;simple;low_complexity;concentration
veri_rustic;171;rustic;high_tannin;tannin
versatil_sweet;175;medium_sweet;sweet;sweetness
vibranc;190;vibrant;high_acid;acid
vibrant;2800;vibrant;high_acid;acid
vine_plant;202;plant;fresh_herbs;vegetal
vinegar;97;vinegar;volatile_acidity;acid
violet;2495;violet;flowery;flower
violet_iri;59;violet;flowery;flower
violet_lavend;71;violet;flowery;flower
violet_lilac;91;violet;flowery;flower
violet_rose;123;violet_rose;flowery;flower
viscos;86;viscous;full_bodied;body
viscous;514;viscous;full_bodied;body
volatil;350;volatile;high_acid;acid
volcan_soil;60;Volcanic Rocks;earth;earth_organic
voluptu;433;voluptuous;full_bodied;body
walnut;163;walnut;nutty;nutty
warm;2976;warm;high_alcohol;alcohol
warm_climat;86;warm;high_alcohol;alcohol
warmer_climat;189;warm;high_alcohol;alcohol
warmth;517;warm;high_alcohol;alcohol
warmth_alcohol;120;warm;high_alcohol;alcohol
water;127;watery;low_concentration;concentration
wateri;174;watery;low_concentration;concentration
watermelon;169;watermelon;melon;fruit
watermelon_strawberri;45;strawberry;red_fruit;fruit
wax;75;wax;oil;earth_inorganic
waxi;348;wax;oil;earth_inorganic
waxi_lemon;54;wax;citrus_fruit;fruit
weedi;307;weed;fresh_herbs;vegetal
weight;3153;weight;full_bodied;body
weight_densiti;46;dense;high_concentration;concentration
weighti;581;full_bodied;full_bodied;body
well;13922;full_bodied;full_bodied;body
well_craft;173;full_bodied;full_bodied;body
well_defin;210;full_bodied;full_bodied;body
well_integr;915;full_bodied;full_bodied;body
wet;320;wet_earth;soil;earth_organic
wet_cement;138;wet_rocks;rocks;earth_inorganic
wet_clay;84;wet_clay;rocks;earth_inorganic
wet_earth;126;wet_earth;soil;earth_organic
wet_gravel;67;gravel;rocks;earth_inorganic
wet_river;41;wet_earth;soil;earth_organic
wet_rock;79;wet_rocks;rocks;earth_inorganic
wet_slate;150;wet_rocks;rocks;earth_inorganic
wet_soil;80;wet_earth;soil;earth_organic
wet_stone;670;wet_rocks;rocks;earth_inorganic
whiff_mediterranean;52;meditteranean_herbs;fresh_herbs;vegetal
white;7304;white;color;visual
white_almond;168;white_almond;nutty;nutty
white_blossom;200;white_blossom;flowery;flower
white_burgundi;115;white;color;visual
white_flower;808;white_flower;flowery;flower
white_peach;1813;peach;stone_fruit;fruit
white_pepper;2995;white_pepper;pepper;spice
white_shelv;98;white;color;visual
white_spring;247;white_blossom;flowery;flower
wild_berri;1274;wild_berry;red_fruit;fruit
wild_flower;173;wild_flower;flowery;flower
wild_strawberri;342;strawberry;red_fruit;fruit
wild_thyme;76;thyme;fresh_herbs;vegetal
wild_yeast;65;yeast;yeast;microbial
wildflow;95;wildflower;flowery;flower
winter;45;wintergreen;vegetable;vegetal
wintergreen;81;wintergreen;vegetable;vegetal
wood;4734;wood;resinous;woody
wood_age;1811;wood_age;resinous;woody
wood_grain;87;grain;resinous;woody
wood_influenc;44;wood;resinous;woody
wood_resin;89;wood_resin;resinous;woody
woodi;1481;wood;resinous;woody
woodland_berri;333;woody_berry;red_fruit;fruit
woodsi;174;wood;resinous;woody
woodspic;298;wood_spice;resinous;woody
yeast;489;yeast;yeast;microbial
yeast_rock;930;yeast;yeast;microbial
yeasti;694;yeast;yeast;microbial
yellow;1830;yellow;color;visual
yellow_appl;900;apple;tree_fruit;fruit
yellow_flower;152;yellow_flower;flowery;flower
yellow_peach;600;peach;stone_fruit;fruit
yellow_pear;306;pear;tree_fruit;fruit
yellow_stone;240;stone;rocks;earth_inorganic
zest;398;zest;citrus_fruit;fruit
zesti;2843;zesty;high_acid;acid
zesti_lime;160;zest;citrus_fruit;fruit
zing;185;zingy;high_acid;acid
zingi;220;zingy;high_acid;acid
zippi;532;zippy;high_acid;acid